{
	"letter":"O",
	"f0x":-0.06534597,
	"f0y":0.1248405,
	"f0z":0.3008626,
	"f1x":-0.1204306,
	"f1y":0.2025418,
	"f1z":0.2082648,
	"f2x":-0.05301288,
	"f2y":0.2003916,
	"f2z":0.2443474,
	"f3x":0.03850572,
	"f3y":0.1634736,
	"f3z":0.2549704,
	"f4x":0.1190994,
	"f4y":0.1324224,
	"f4z":0.2145579,
	"errorMultipliers": [1, 1, 1, 1, 1],
	"acceptableError": 0.1
}