{
	"letter":"V",
	"f0x":0.03075595,
	"f0y":0.1289334,
	"f0z":0.2528602,
	"f1x":-0.1503333,
	"f1y":0.4859017,
	"f1z":-0.02589282,
	"f2x":0.05565381,
	"f2y":0.5323786,
	"f2z":-0.01484822,
	"f3x":0.02750385,
	"f3y":0.07106927,
	"f3z":0.2554812,
	"f4x":0.0885023,
	"f4y":0.03492018,
	"f4z":0.2109447,
	"errorMultipliers": [1, 1, 1, 1, 1],
	"acceptableError": 0.1
}