{
	"letter":"B",
	"f0x":0.05285407,
	"f0y":0.1169508,
	"f0z":0.2434586,
	"f1x":-0.1225806,
	"f1y":0.4939535,
	"f1z":-0.06340072,
	"f2x":0.001935321,
	"f2y":0.5443581,
	"f2z":-0.09134121,
	"f3x":0.0991758,
	"f3y":0.4954254,
	"f3z":-0.08886175,
	"f4x":0.2015833,
	"f4y":0.3718239,
	"f4z":-0.05050479,
	"errorMultipliers": [1, 1, 1, 1, 1],
	"acceptableError": 0.1
}