{
	"letter":"A",
	"f0x":-0.2199617,
	"f0y":0.1782684,
	"f0z":0.1824204,
	"f1x":-0.09483518,
	"f1y":-0.003836947,
	"f1z":0.2223171,
	"f2x":-0.05276101,
	"f2y":-0.03076579,
	"f2z":0.2326214,
	"f3x":0.01289341,
	"f3y":-0.04850988,
	"f3z":0.2135128,
	"f4x":0.07263542,
	"f4y":-0.03399532,
	"f4z":0.1733367,
	"errorMultipliers": [1, 1, 1, 1, 1],
	"acceptableError": 0.1
}