{
	"letter":"D",
	"f0x":-0.04797259,
	"f0y":0.1095812,
	"f0z":0.299868,
	"f1x":-0.1074295,
	"f1y":0.498368,
	"f1z":0.01481692,
	"f2x":-0.05370604,
	"f2y":-0.03746889,
	"f2z":0.2405646,
	"f3x":0.009352102,
	"f3y":-0.06621608,
	"f3z":0.2182426,
	"f4x":0.06563913,
	"f4y":-0.04834285,
	"f4z":0.1751216,
	"errorMultipliers": [1, 1, 1, 1, 1],
	"acceptableError": 0.1
}