{
	"letter":"U",
	"f0x":0.02518528,
	"f0y":0.1289448,
	"f0z":0.2548264,
	"f1x":-0.06949453,
	"f1y":0.481567,
	"f1z":0.0480192,
	"f2x":-0.05427042,
	"f2y":0.5282785,
	"f2z":0.05318942,
	"f3x":0.02600889,
	"f3y":0.0462818,
	"f3z":0.236126,
	"f4x":0.0885008,
	"f4y":0.01312933,
	"f4z":0.1903799,
	"errorMultipliers": [1, 1, 1, 1, 1],
	"acceptableError": 0.1
}