{
	"letter":"L",
	"f0x":-0.5041795,
	"f0y":-0.008137168,
	"f0z":0.1253762,
	"f1x":-0.09771932,
	"f1y":0.4938813,
	"f1z":0.03580992,
	"f2x":-0.05143334,
	"f2y":-0.01905933,
	"f2z":0.2095633,
	"f3x":0.01779746,
	"f3y":-0.04729644,
	"f3z":0.1832403,
	"f4x":0.07796255,
	"f4y":-0.02857542,
	"f4z":0.1521662,
	"errorMultipliers": [1, 1, 1, 1, 1],
	"acceptableError": 0.1
}