{
	"letter":"S",
	"f0x":-0.0333286,
	"f0y":0.1080499,
	"f0z":0.281052,
	"f1x":-0.1052945,
	"f1y":0.07106169,
	"f1z":0.2230034,
	"f2x":-0.05182411,
	"f2y":0.05755214,
	"f2z":0.2354937,
	"f3x":0.02840389,
	"f3y":0.04252654,
	"f3z":0.2218391,
	"f4x":0.09703695,
	"f4y":0.03063693,
	"f4z":0.1791259,
	"errorMultipliers": [1, 1, 1, 1, 1],
	"acceptableError": 0.1
}