{
	"letter":"E",
	"f0x":0.04027751,
	"f0y":0.1229726,
	"f0z":0.2671102,
	"f1x":-0.1105697,
	"f1y":0.1355405,
	"f1z":0.2410343,
	"f2x":-0.05260756,
	"f2y":0.1459514,
	"f2z":0.2641676,
	"f3x":0.03451506,
	"f3y":0.1148257,
	"f3z":0.2597897,
	"f4x":0.1032503,
	"f4y":0.07825638,
	"f4z":0.2162082,
	"errorMultipliers": [1, 1, 1, 1, 1],
	"acceptableError": 0.1
}