{
	"letter":"W",
	"f0x":0.04788288,
	"f0y":0.1283984,
	"f0z":0.2491968,
	"f1x":-0.17752,
	"f1y":0.4821079,
	"f1z":-0.02428062,
	"f2x":0.01850832,
	"f2y":0.5337847,
	"f2z":-0.07629658,
	"f3x":0.2072155,
	"f3y":0.4684442,
	"f3z":0.01698088,
	"f4x":0.07776776,
	"f4y":0.03640272,
	"f4z":0.239844,
	"errorMultipliers": [1, 1, 1, 1, 1],
	"acceptableError": 0.1
}