{
	"letter":"Q",
	"f0x":-0.04778791,
	"f0y":0.1330005,
	"f0z":0.2853178,
	"f1x":-0.1419245,
	"f1y":0.3556334,
	"f1z":0.2749754,
	"f2x":-0.06917186,
	"f2y":0.02690201,
	"f2z":0.3486664,
	"f3x":-0.0006502205,
	"f3y":0.007066171,
	"f3z":0.3368782,
	"f4x":0.0462985,
	"f4y":-0.002163686,
	"f4z":0.2599322,
	"errorMultipliers": [1, 1, 1, 1, 1],
	"acceptableError": 0.1
}