{
	"letter":"J",
	"f0x":-0.07713572,
	"f0y":0.1231094,
	"f0z":0.2708504,
	"f1x":-0.1030641,
	"f1y":0.03409476,
	"f1z":0.2250475,
	"f2x":-0.05596386,
	"f2y":0.01724903,
	"f2z":0.2424596,
	"f3x":0.02610469,
	"f3y":0.03405154,
	"f3z":0.2298573,
	"f4x":0.2084872,
	"f4y":0.3538788,
	"f4z":0.08548132,
	"errorMultipliers": [1, 1, 1, 1, 1],
	"acceptableError": 0.1
}