{
	"letter":"P",
	"f0x":0.003489423,
	"f0y":0.1370848,
	"f0z":0.2585388,
	"f1x":-0.1187591,
	"f1y":0.4963721,
	"f1z":0.0274229,
	"f2x":-0.06670443,
	"f2y":0.1052546,
	"f2z":0.3492711,
	"f3x":0.0167192,
	"f3y":0.1020795,
	"f3z":0.3409007,
	"f4x":0.08699117,
	"f4y":0.08341855,
	"f4z":0.2746349,
	"errorMultipliers": [1, 1, 1, 1, 1],
	"acceptableError": 0.1
}