{
	"letter":"Y",
	"f0x":-0.4495903,
	"f0y":0.04302887,
	"f0z":0.1459278,
	"f1x":-0.08911553,
	"f1y":-0.03770209,
	"f1z":0.1658284,
	"f2x":-0.04499571,
	"f2y":-0.04748376,
	"f2z":0.1871841,
	"f3x":0.01506641,
	"f3y":-0.05180916,
	"f3z":0.1832458,
	"f4x":0.2874168,
	"f4y":0.3115286,
	"f4z":0.1265652,
	"errorMultipliers": [1, 1, 1, 1, 1],
	"acceptableError": 0.1
}