{
	"letter":"M",
	"f0x":0.08435397,
	"f0y":0.09897188,
	"f0z":0.2594458,
	"f1x":-0.1139066,
	"f1y":0.1278284,
	"f1z":0.2338712,
	"f2x":-0.05316954,
	"f2y":0.1212353,
	"f2z":0.2473643,
	"f3x":0.02621186,
	"f3y":0.03502621,
	"f3z":0.2352741,
	"f4x":0.09091454,
	"f4y":0.01585657,
	"f4z":0.1902087,
	"errorMultipliers": [1, 1, 1, 1, 1],
	"acceptableError": 0.1
}