{
	"letter":"Z",
	"f0x":0.001699776,
	"f0y":0.09521732,
	"f0z":0.2769162,
	"f1x":-0.1042988,
	"f1y":0.4871566,
	"f1z":0.005472215,
	"f2x":-0.05531795,
	"f2y":0.05639486,
	"f2z":0.2567451,
	"f3x":0.02246346,
	"f3y":0.02517628,
	"f3z":0.2364498,
	"f4x":0.08709723,
	"f4y":0.006280246,
	"f4z":0.1847535,
	"errorMultipliers": [1, 1, 1, 1, 1],
	"acceptableError": 0.1
}