{
	"letter":"F",
	"f0x":-0.1486553,
	"f0y":0.13052,
	"f0z":0.2607784,
	"f1x":-0.1108635,
	"f1y":0.1028415,
	"f1z":0.2493889,
	"f2x":-0.04555178,
	"f2y":0.5426684,
	"f2z":0.04449352,
	"f3x":0.08287414,
	"f3y":0.5010883,
	"f3z":-0.01007574,
	"f4x":0.2068674,
	"f4y":0.3754623,
	"f4z":-0.01614168,
	"errorMultipliers": [1, 1, 1, 1, 1],
	"acceptableError": 0.1
}