{
	"letter":"G",
	"f0x":-0.158681,
	"f0y":0.1819014,
	"f0z":0.2060223,
	"f1x":-0.1213594,
	"f1y":0.4948598,
	"f1z":0.05775458,
	"f2x":-0.04284218,
	"f2y":-0.04788942,
	"f2z":0.193867,
	"f3x":0.02812665,
	"f3y":-0.06896494,
	"f3z":0.1754834,
	"f4x":0.1011928,
	"f4y":-0.05492819,
	"f4z":0.1498495,
	"errorMultipliers": [1, 1, 1, 1, 1],
	"acceptableError": 0.1
}