{
	"letter":"R",
	"f0x":0.02535395,
	"f0y":0.1106109,
	"f0z":0.2658313,
	"f1x":-0.0568514,
	"f1y":0.4638776,
	"f1z":0.1052053,
	"f2x":-0.1125968,
	"f2y":0.5135626,
	"f2z":0.05247904,
	"f3x":0.01615917,
	"f3y":-0.01979233,
	"f3z":0.2309428,
	"f4x":0.0818137,
	"f4y":-0.02326661,
	"f4z":0.1847966,
	"errorMultipliers": [1, 1, 1, 1, 1],
	"acceptableError": 0.1
}