{
	"letter":"H",
	"f0x":0.02310203,
	"f0y":0.144453,
	"f0z":0.2353823,
	"f1x":-0.09387092,
	"f1y":0.4985219,
	"f1z":0.02823649,
	"f2x":-0.02921774,
	"f2y":0.5431002,
	"f2z":0.06574231,
	"f3x":0.03624348,
	"f3y":0.06392751,
	"f3z":0.21109,
	"f4x":0.1079728,
	"f4y":0.03735756,
	"f4z":0.1696382,
	"errorMultipliers": [1, 1, 1, 1, 1],
	"acceptableError": 0.1
}