{
	"letter":"N",
	"f0x":0.08816378,
	"f0y":0.07724884,
	"f0z":0.2615035,
	"f1x":-0.1097838,
	"f1y":0.08850479,
	"f1z":0.2253792,
	"f2x":-0.05194216,
	"f2y":0.1102728,
	"f2z":0.2436693,
	"f3x":0.02421,
	"f3y":0.03075238,
	"f3z":0.2392598,
	"f4x":0.08778332,
	"f4y":0.01564251,
	"f4z":0.1933002,
	"errorMultipliers": [1, 1, 1, 1, 1],
	"acceptableError": 0.1
}