{
	"letter":"C",
	"f0x":-0.2787897,
	"f0y":0.1113321,
	"f0z":0.2581901,
	"f1x":-0.1586414,
	"f1y":0.4044867,
	"f1z":0.1603516,
	"f2x":-0.05559539,
	"f2y":0.3973818,
	"f2z":0.2255503,
	"f3x":0.04903995,
	"f3y":0.2806167,
	"f3z":0.2630046,
	"f4x":0.1239974,
	"f4y":0.1440855,
	"f4z":0.2217549,
	"errorMultipliers": [1, 1, 1, 1, 1],
	"acceptableError": 0.1
}