{
	"letter":"X",
	"f0x":0.08172442,
	"f0y":0.07197642,
	"f0z":0.2587062,
	"f1x":-0.1125006,
	"f1y":0.3779102,
	"f1z":0.1918411,
	"f2x":-0.05140943,
	"f2y":0.08676103,
	"f2z":0.2355103,
	"f3x":0.02877837,
	"f3y":0.03597004,
	"f3z":0.2137994,
	"f4x":0.09142351,
	"f4y":0.004955634,
	"f4z":0.1622456,
	"errorMultipliers": [1, 1, 1, 1, 1],
	"acceptableError": 0.1
}