{
	"letter":"T",
	"f0x":0.06607044,
	"f0y":0.1099934,
	"f0z":0.2583233,
	"f1x":-0.1126859,
	"f1y":0.16991,
	"f1z":0.2339314,
	"f2x":-0.05250432,
	"f2y":0.1229751,
	"f2z":0.2418201,
	"f3x":0.02404623,
	"f3y":0.01478534,
	"f3z":0.216306,
	"f4x":0.08457065,
	"f4y":-0.003531348,
	"f4z":0.1694868,
	"errorMultipliers": [1, 1, 1, 1, 1],
	"acceptableError": 0.1
}