{
	"letter":"I",
	"f0x":-0.07418362,
	"f0y":0.1240012,
	"f0z":0.2687254,
	"f1x":-0.1070403,
	"f1y":0.05808958,
	"f1z":0.2197587,
	"f2x":-0.05338249,
	"f2y":0.04248844,
	"f2z":0.2335708,
	"f3x":0.03116829,
	"f3y":0.05068474,
	"f3z":0.2225635,
	"f4x":0.2164581,
	"f4y":0.3582639,
	"f4z":0.06113572,
	"errorMultipliers": [1, 1, 1, 1, 1],
	"acceptableError": 0.1
}