{
	"letter":"K",
	"f0x":-0.01037786,
	"f0y":0.1743034,
	"f0z":0.2272778,
	"f1x":-0.1837515,
	"f1y":0.4904543,
	"f1z":0.04053136,
	"f2x":0.04416676,
	"f2y":0.5458276,
	"f2z":0.007941752,
	"f3x":0.0315947,
	"f3y":0.06957262,
	"f3z":0.2411233,
	"f4x":0.0920635,
	"f4y":0.02245658,
	"f4z":0.2033123,
	"errorMultipliers": [1, 1, 1, 1, 1],
	"acceptableError": 0.1
}